0,https://facebook.com
1,https://live.com
2,https://vk.com
3,https://instagram.com
4,https://bongacams.com
5,https://diply.com
6,https://txxx.com
7,https://bannha.net
8,https://sarmstore1.com
9,https://crossroadspresents.com
10,https://chestofcolors.com
11,https://cospak.com
12,https://thatoffers.com
13,https://stripteasedelpoder.com
14,https://sales-push.com
15,https://teehag.com
16,https://mandala-fashion.com
17,https://france-jeunes.net
18,https://cinematicstudioseries.com
19,https://wiseteacher.net
20,https://publicmissiles.com
21,https://thorder.com
22,https://plector.net
23,https://coolicehost.com
24,https://coco-pommel.org
25,https://wakeuptopolitics.com
26,https://tradethemarkets.com
27,https://big-bang-theory.com
28,https://waseettaobao.com
29,https://reginellis.com
30,https://foolfunds.com
31,https://truenorthradionetwork.com
32,https://winmoviemaker.com
33,https://pantiespics.net
34,https://thenismoshop.com
35,https://akuntansipendidik.com
36,https://hiradupvc.com
37,https://mandarsms.net
